Relative Compactness,Surface Area,Wall Area,Roof Area,Overall Height,Orientation,Glazing Area,Glazing Area Distribution,Heating Load,Cooling Load,duration
0.7638,514.5,294,110.25,7,2,0,0,15.55,21.33,30
0.98,514.5,294,110.25,7,3,0,0,15.55,21.33,32
0.98,514.5,294,110.25,7,4,0,0,15.55,21.33,34
0.98,514.5,294,110.25,7,5,0,0,15.55,21.33,36
0.9,563.5,318.5,122.5,7,2,0,0,20.84,28.28,38
0.9,563.5,318.5,122.5,7,3,0,0,21.46,25.38,40
0.9,563.5,318.5,122.5,7,4,0,0,20.71,25.16,42
0.9,563.5,318.5,122.5,7,5,0,0,19.68,29.6,44
0.86,588,294,147,7,2,0,0,19.5,27.3,46
0.86,588,294,147,7,3,0,0,19.95,21.97,48
0.86,588,294,147,7,4,0,0,19.34,23.49,50
0.86,588,294,147,7,5,0,0,18.31,27.87,52
0.82,612.5,318.5,147,7,2,0,0,17.05,23.77,54
0.82,612.5,318.5,147,7,3,0,0,17.41,21.46,56
0.82,612.5,318.5,147,7,4,0,0,16.95,21.16,58
0.82,612.5,318.5,147,7,5,0,0,15.98,24.93,60
0.79,637,343,147,7,2,0,0,28.52,37.73,62
0.79,637,343,147,7,3,0,0,29.9,31.27,64
0.79,637,343,147,7,4,0,0,29.63,30.93,66
0.79,637,343,147,7,5,0,0,28.75,39.44,68
0.76,661.5,416.5,122.5,7,2,0,0,24.77,29.79,70
0.76,661.5,416.5,122.5,7,3,0,0,23.93,29.68,72
0.76,661.5,416.5,122.5,7,4,0,0,24.77,29.79,74
0.76,661.5,416.5,122.5,7,5,0,0,23.93,29.4,76
0.74,686,245,220.5,3.5,2,0,0,6.07,10.9,78
0.74,686,245,220.5,3.5,3,0,0,6.05,11.19,80
0.74,686,245,220.5,3.5,4,0,0,6.01,10.94,82
0.74,686,245,220.5,3.5,5,0,0,6.04,11.17,84
0.71,710.5,269.5,220.5,3.5,2,0,0,6.37,11.27,86
0.71,710.5,269.5,220.5,3.5,3,0,0,6.4,11.72,88
0.71,710.5,269.5,220.5,3.5,4,0,0,6.37,11.29,90
0.71,710.5,269.5,220.5,3.5,5,0,0,6.4,11.67,92
0.69,735,294,220.5,3.5,2,0,0,6.85,11.74,94
0.69,735,294,220.5,3.5,3,0,0,6.79,12.05,96
0.69,735,294,220.5,3.5,4,0,0,6.77,11.73,98
0.69,735,294,220.5,3.5,5,0,0,6.81,11.93,100
0.66,759.5,318.5,220.5,3.5,2,0,0,7.18,12.4,102
0.66,759.5,318.5,220.5,3.5,3,0,0,7.1,12.23,104
0.66,759.5,318.5,220.5,3.5,4,0,0,7.1,12.4,106
0.66,759.5,318.5,220.5,3.5,5,0,0,7.1,12.14,108
0.64,784,343,220.5,3.5,2,0,0,10.85,16.78,110
0.64,784,343,220.5,3.5,3,0,0,10.54,16.8,112
0.64,784,343,220.5,3.5,4,0,0,10.77,16.75,114
0.64,784,343,220.5,3.5,5,0,0,10.56,16.67,116
0.62,808.5,367.5,220.5,3.5,2,0,0,8.6,12.07,118
0.62,808.5,367.5,220.5,3.5,3,0,0,8.49,12.22,120
0.62,808.5,367.5,220.5,3.5,4,0,0,8.45,12.08,122
0.62,808.5,367.5,220.5,3.5,5,0,0,8.5,12.04,124
0.98,514.5,294,110.25,7,2,0.1,1,24.58,26.47,126
0.98,514.5,294,110.25,7,3,0.1,1,24.63,26.37,128
0.98,514.5,294,110.25,7,4,0.1,1,24.63,26.44,130
0.98,514.5,294,110.25,7,5,0.1,1,24.59,26.29,132
0.9,563.5,318.5,122.5,7,2,0.1,1,29.03,32.92,134
0.9,563.5,318.5,122.5,7,3,0.1,1,29.87,29.87,136
0.9,563.5,318.5,122.5,7,4,0.1,1,29.14,29.58,138
0.9,563.5,318.5,122.5,7,5,0.1,1,28.09,34.33,140
0.86,588,294,147,7,2,0.1,1,26.28,30.89,142
0.86,588,294,147,7,3,0.1,1,26.91,25.6,144
0.86,588,294,147,7,4,0.1,1,26.37,27.03,146
0.86,588,294,147,7,5,0.1,1,25.27,31.73,148
0.82,612.5,318.5,147,7,2,0.1,1,23.53,27.31,150
0.82,612.5,318.5,147,7,3,0.1,1,24.03,24.91,152
0.82,612.5,318.5,147,7,4,0.1,1,23.54,24.61,154
0.82,612.5,318.5,147,7,5,0.1,1,22.58,28.51,156
0.79,637,343,147,7,2,0.1,1,35.56,41.68,158
0.79,637,343,147,7,3,0.1,1,37.12,35.28,160
0.79,637,343,147,7,4,0.1,1,36.9,34.43,162
0.79,637,343,147,7,5,0.1,1,35.94,43.33,164
0.76,661.5,416.5,122.5,7,2,0.1,1,32.96,33.87,166
0.76,661.5,416.5,122.5,7,3,0.1,1,32.12,34.07,168
0.76,661.5,416.5,122.5,7,4,0.1,1,32.94,34.14,170
0.76,661.5,416.5,122.5,7,5,0.1,1,32.21,33.67,172
0.74,686,245,220.5,3.5,2,0.1,1,10.36,13.43,174
0.74,686,245,220.5,3.5,3,0.1,1,10.43,13.71,176
0.74,686,245,220.5,3.5,4,0.1,1,10.36,13.48,178
0.74,686,245,220.5,3.5,5,0.1,1,10.39,13.7,180
0.71,710.5,269.5,220.5,3.5,2,0.1,1,10.71,13.8,182
0.71,710.5,269.5,220.5,3.5,3,0.1,1,10.8,14.28,184
0.71,710.5,269.5,220.5,3.5,4,0.1,1,10.7,13.87,186
0.71,710.5,269.5,220.5,3.5,5,0.1,1,10.75,14.27,188
0.69,735,294,220.5,3.5,2,0.1,1,11.11,14.28,190
0.69,735,294,220.5,3.5,3,0.1,1,11.13,14.61,192
0.69,735,294,220.5,3.5,4,0.1,1,11.09,14.3,194
0.69,735,294,220.5,3.5,5,0.1,1,11.16,14.45,196
0.66,759.5,318.5,220.5,3.5,2,0.1,1,11.68,13.9,198
0.66,759.5,318.5,220.5,3.5,3,0.1,1,11.69,13.72,200
0.66,759.5,318.5,220.5,3.5,4,0.1,1,11.7,13.88,202
0.66,759.5,318.5,220.5,3.5,5,0.1,1,11.69,13.65,204
0.64,784,343,220.5,3.5,2,0.1,1,15.41,19.37,206
0.64,784,343,220.5,3.5,3,0.1,1,15.2,19.43,208
0.64,784,343,220.5,3.5,4,0.1,1,15.42,19.34,210
0.64,784,343,220.5,3.5,5,0.1,1,15.21,19.32,212
0.62,808.5,367.5,220.5,3.5,2,0.1,1,12.96,14.34,214
0.62,808.5,367.5,220.5,3.5,3,0.1,1,12.97,14.5,216
0.62,808.5,367.5,220.5,3.5,4,0.1,1,12.93,14.33,218
0.62,808.5,367.5,220.5,3.5,5,0.1,1,13.02,14.27,220
0.98,514.5,294,110.25,7,2,0.1,2,24.29,25.95,222
0.98,514.5,294,110.25,7,3,0.1,2,24.31,25.63,224
0.98,514.5,294,110.25,7,4,0.1,2,24.13,26.13,226
0.98,514.5,294,110.25,7,5,0.1,2,24.25,25.89,228
0.9,563.5,318.5,122.5,7,2,0.1,2,28.88,32.54,230
0.9,563.5,318.5,122.5,7,3,0.1,2,29.68,29.44,232
0.9,563.5,318.5,122.5,7,4,0.1,2,28.83,29.36,234
0.9,563.5,318.5,122.5,7,5,0.1,2,27.9,34.2,236
0.86,588,294,147,7,2,0.1,2,26.48,30.91,238
0.86,588,294,147,7,3,0.1,2,27.02,25.63,240
0.86,588,294,147,7,4,0.1,2,26.33,27.36,242
0.86,588,294,147,7,5,0.1,2,25.36,31.9,244
0.82,612.5,318.5,147,7,2,0.1,2,23.75,27.38,246
0.82,612.5,318.5,147,7,3,0.1,2,24.23,25.02,248
0.82,612.5,318.5,147,7,4,0.1,2,23.67,24.8,250
0.82,612.5,318.5,147,7,5,0.1,2,22.79,28.79,252
0.79,637,343,147,7,2,0.1,2,35.65,41.07,254
0.79,637,343,147,7,3,0.1,2,37.26,34.62,256
0.79,637,343,147,7,4,0.1,2,36.97,33.87,258
0.79,637,343,147,7,5,0.1,2,36.03,42.86,260
0.76,661.5,416.5,122.5,7,2,0.1,2,33.16,33.91,262
0.76,661.5,416.5,122.5,7,3,0.1,2,32.4,34.07,264
0.76,661.5,416.5,122.5,7,4,0.1,2,33.12,34.17,266
0.76,661.5,416.5,122.5,7,5,0.1,2,32.41,33.78,268
0.74,686,245,220.5,3.5,2,0.1,2,10.42,13.39,270
0.74,686,245,220.5,3.5,3,0.1,2,10.46,13.72,272
0.74,686,245,220.5,3.5,4,0.1,2,10.32,13.57,274
0.74,686,245,220.5,3.5,5,0.1,2,10.45,13.79,276
0.71,710.5,269.5,220.5,3.5,2,0.1,2,10.64,13.67,278
0.71,710.5,269.5,220.5,3.5,3,0.1,2,10.72,14.11,280
0.71,710.5,269.5,220.5,3.5,4,0.1,2,10.55,13.8,282
0.71,710.5,269.5,220.5,3.5,5,0.1,2,10.68,14.21,284
0.69,735,294,220.5,3.5,2,0.1,2,11.45,13.2,286
0.69,735,294,220.5,3.5,3,0.1,2,11.46,13.54,288
0.69,735,294,220.5,3.5,4,0.1,2,11.32,13.32,290
0.69,735,294,220.5,3.5,5,0.1,2,11.49,13.51,292
0.66,759.5,318.5,220.5,3.5,2,0.1,2,11.45,14.86,294
0.66,759.5,318.5,220.5,3.5,3,0.1,2,11.42,14.75,296
0.66,759.5,318.5,220.5,3.5,4,0.1,2,11.33,15,298
0.66,759.5,318.5,220.5,3.5,5,0.1,2,11.43,14.74,300
0.64,784,343,220.5,3.5,2,0.1,2,15.41,19.23,302
0.64,784,343,220.5,3.5,3,0.1,2,15.18,19.34,304
0.64,784,343,220.5,3.5,4,0.1,2,15.34,19.32,306
0.64,784,343,220.5,3.5,5,0.1,2,15.19,19.3,308
0.62,808.5,367.5,220.5,3.5,2,0.1,2,12.88,14.37,310
0.62,808.5,367.5,220.5,3.5,3,0.1,2,13,14.57,312
0.62,808.5,367.5,220.5,3.5,4,0.1,2,12.97,14.27,314
0.62,808.5,367.5,220.5,3.5,5,0.1,2,13.04,14.24,316
0.98,514.5,294,110.25,7,2,0.1,3,24.28,25.68,318
0.98,514.5,294,110.25,7,3,0.1,3,24.4,26.02,320
0.98,514.5,294,110.25,7,4,0.1,3,24.11,25.84,322
0.98,514.5,294,110.25,7,5,0.1,3,24.35,26.14,324
0.9,563.5,318.5,122.5,7,2,0.1,3,28.07,34.14,326
0.9,563.5,318.5,122.5,7,3,0.1,3,29.01,32.85,328
0.9,563.5,318.5,122.5,7,4,0.1,3,29.62,30.08,330
0.9,563.5,318.5,122.5,7,5,0.1,3,29.05,29.67,332
0.86,588,294,147,7,2,0.1,3,25.41,31.73,334
0.86,588,294,147,7,3,0.1,3,26.47,31.01,336
0.86,588,294,147,7,4,0.1,3,26.89,25.9,338
0.86,588,294,147,7,5,0.1,3,26.46,27.4,340
0.82,612.5,318.5,147,7,2,0.1,3,22.93,28.68,342
0.82,612.5,318.5,147,7,3,0.1,3,23.84,27.54,344
0.82,612.5,318.5,147,7,4,0.1,3,24.17,25.35,346
0.82,612.5,318.5,147,7,5,0.1,3,23.87,24.93,348
0.79,637,343,147,7,2,0.1,3,35.78,43.12,350
0.79,637,343,147,7,3,0.1,3,35.48,41.22,352
0.79,637,343,147,7,4,0.1,3,36.97,35.1,354
0.79,637,343,147,7,5,0.1,3,36.7,34.29,356
0.76,661.5,416.5,122.5,7,2,0.1,3,32.52,33.85,358
0.76,661.5,416.5,122.5,7,3,0.1,3,33.28,34.11,360
0.76,661.5,416.5,122.5,7,4,0.1,3,32.33,34.48,362
0.76,661.5,416.5,122.5,7,5,0.1,3,33.24,34.5,364
0.74,686,245,220.5,3.5,2,0.1,3,10.39,13.6,366
0.74,686,245,220.5,3.5,3,0.1,3,10.34,13.36,368
0.74,686,245,220.5,3.5,4,0.1,3,10.35,13.65,370
0.74,686,245,220.5,3.5,5,0.1,3,10.38,13.49,372
0.71,710.5,269.5,220.5,3.5,2,0.1,3,10.77,14.14,374
0.71,710.5,269.5,220.5,3.5,3,0.1,3,10.68,13.77,376
0.71,710.5,269.5,220.5,3.5,4,0.1,3,10.68,14.3,378
0.71,710.5,269.5,220.5,3.5,5,0.1,3,10.7,13.87,380
0.69,735,294,220.5,3.5,2,0.1,3,11.22,14.44,382
0.69,735,294,220.5,3.5,3,0.1,3,11.16,14.27,384
0.69,735,294,220.5,3.5,4,0.1,3,11.1,14.67,386
0.69,735,294,220.5,3.5,5,0.1,3,11.14,14.4,388
0.66,759.5,318.5,220.5,3.5,2,0.1,3,11.59,13.46,390
0.66,759.5,318.5,220.5,3.5,3,0.1,3,11.6,13.7,392
0.66,759.5,318.5,220.5,3.5,4,0.1,3,11.53,13.59,394
0.66,759.5,318.5,220.5,3.5,5,0.1,3,11.61,13.83,396
0.64,784,343,220.5,3.5,2,0.1,3,15.16,19.14,398
0.64,784,343,220.5,3.5,3,0.1,3,15.36,19.18,400
0.64,784,343,220.5,3.5,4,0.1,3,15.12,19.37,402
0.64,784,343,220.5,3.5,5,0.1,3,15.36,19.29,404
0.62,808.5,367.5,220.5,3.5,2,0.1,3,12.68,14.09,406
0.62,808.5,367.5,220.5,3.5,3,0.1,3,12.63,14.23,408
0.62,808.5,367.5,220.5,3.5,4,0.1,3,12.71,14.14,410
0.62,808.5,367.5,220.5,3.5,5,0.1,3,12.73,13.89,412
0.98,514.5,294,110.25,7,2,0.1,4,24.38,25.91,414
0.98,514.5,294,110.25,7,3,0.1,4,24.23,25.72,416
0.98,514.5,294,110.25,7,4,0.1,4,24.04,26.18,418
0.98,514.5,294,110.25,7,5,0.1,4,24.32,25.87,420
0.9,563.5,318.5,122.5,7,2,0.1,4,29.06,29.34,422
0.9,563.5,318.5,122.5,7,3,0.1,4,28.05,33.91,424
0.9,563.5,318.5,122.5,7,4,0.1,4,28.86,32.83,426
0.9,563.5,318.5,122.5,7,5,0.1,4,29.79,29.92,428
0.86,588,294,147,7,2,0.1,4,26.44,27.17,430
0.86,588,294,147,7,3,0.1,4,25.37,31.76,432
0.86,588,294,147,7,4,0.1,4,26.33,31.06,434
0.86,588,294,147,7,5,0.1,4,27.03,25.81,436
0.82,612.5,318.5,147,7,2,0.1,4,23.8,24.61,438
0.82,612.5,318.5,147,7,3,0.1,4,22.8,28.61,440
0.82,612.5,318.5,147,7,4,0.1,4,23.59,27.57,442
0.82,612.5,318.5,147,7,5,0.1,4,24.24,25.16,444
0.79,637,343,147,7,2,0.1,4,36.86,34.25,446
0.79,637,343,147,7,3,0.1,4,35.89,43.3,448
0.79,637,343,147,7,4,0.1,4,35.45,41.86,450
0.79,637,343,147,7,5,0.1,4,37.1,35.29,452
0.76,661.5,416.5,122.5,7,2,0.1,4,33.08,34.11,454
0.76,661.5,416.5,122.5,7,3,0.1,4,32.38,33.62,456
0.76,661.5,416.5,122.5,7,4,0.1,4,33.09,33.89,458
0.76,661.5,416.5,122.5,7,5,0.1,4,32.31,34.05,460
0.74,686,245,220.5,3.5,2,0.1,4,10.08,13.2,462
0.74,686,245,220.5,3.5,3,0.1,4,10.15,13.36,464
0.74,686,245,220.5,3.5,4,0.1,4,10.07,13.21,466
0.74,686,245,220.5,3.5,5,0.1,4,10.14,13.53,468
0.71,710.5,269.5,220.5,3.5,2,0.1,4,10.66,13.67,470
0.71,710.5,269.5,220.5,3.5,3,0.1,4,10.68,14.12,472
0.71,710.5,269.5,220.5,3.5,4,0.1,4,10.53,13.79,474
0.71,710.5,269.5,220.5,3.5,5,0.1,4,10.72,14.2,476
0.69,735,294,220.5,3.5,2,0.1,4,11.18,14.29,478
0.69,735,294,220.5,3.5,3,0.1,4,11.22,14.49,480
0.69,735,294,220.5,3.5,4,0.1,4,11.07,14.42,482
0.69,735,294,220.5,3.5,5,0.1,4,11.2,14.73,484
0.66,759.5,318.5,220.5,3.5,2,0.1,4,11.44,14.86,486
0.66,759.5,318.5,220.5,3.5,3,0.1,4,11.42,14.67,488
0.66,759.5,318.5,220.5,3.5,4,0.1,4,11.33,15,490
0.66,759.5,318.5,220.5,3.5,5,0.1,4,11.43,14.83,492
0.64,784,343,220.5,3.5,2,0.1,4,15.4,19.24,494
0.64,784,343,220.5,3.5,3,0.1,4,15.19,19.25,496
0.64,784,343,220.5,3.5,4,0.1,4,15.32,19.42,498
0.64,784,343,220.5,3.5,5,0.1,4,15.16,19.48,500
0.62,808.5,367.5,220.5,3.5,2,0.1,4,12.85,14.37,502
0.62,808.5,367.5,220.5,3.5,3,0.1,4,13.04,14.34,504
0.62,808.5,367.5,220.5,3.5,4,0.1,4,13,14.28,506
0.62,808.5,367.5,220.5,3.5,5,0.1,4,13,14.47,508
0.98,514.5,294,110.25,7,2,0.1,5,24.35,25.64,510
0.98,514.5,294,110.25,7,3,0.1,5,24.33,25.98,512
0.98,514.5,294,110.25,7,4,0.1,5,24.03,25.88,514
0.98,514.5,294,110.25,7,5,0.1,5,24.26,26.18,516
0.9,563.5,318.5,122.5,7,2,0.1,5,29.83,29.82,518
0.9,563.5,318.5,122.5,7,3,0.1,5,29.08,29.52,520
0.9,563.5,318.5,122.5,7,4,0.1,5,28.03,34.45,522
0.9,563.5,318.5,122.5,7,5,0.1,5,29.02,33.01,524
0.86,588,294,147,7,2,0.1,5,27.03,25.82,526
0.86,588,294,147,7,3,0.1,5,26.45,27.33,528
0.86,588,294,147,7,4,0.1,5,25.36,32.04,530
0.86,588,294,147,7,5,0.1,5,26.45,31.28,532
0.82,612.5,318.5,147,7,2,0.1,5,24.37,25.11,534
0.82,612.5,318.5,147,7,3,0.1,5,23.89,24.77,536
0.82,612.5,318.5,147,7,4,0.1,5,22.89,28.88,538
0.82,612.5,318.5,147,7,5,0.1,5,23.86,27.69,540
0.79,637,343,147,7,2,0.1,5,37.03,34.99,542
0.79,637,343,147,7,3,0.1,5,36.71,34.18,544
0.79,637,343,147,7,4,0.1,5,36.77,43.14,546
0.79,637,343,147,7,5,0.1,5,35.48,41.26,548
0.76,661.5,416.5,122.5,7,2,0.1,5,32.31,34.25,550
0.76,661.5,416.5,122.5,7,3,0.1,5,33.21,34.35,552
0.76,661.5,416.5,122.5,7,4,0.1,5,32.46,33.64,554
0.76,661.5,416.5,122.5,7,5,0.1,5,33.27,33.88,556
0.74,686,245,220.5,3.5,2,0.1,5,10.47,13.65,558
0.74,686,245,220.5,3.5,3,0.1,5,10.37,13.44,560
0.74,686,245,220.5,3.5,4,0.1,5,10.34,13.72,562
0.74,686,245,220.5,3.5,5,0.1,5,10.39,13.5,564
0.71,710.5,269.5,220.5,3.5,2,0.1,5,10.78,14.18,566
0.71,710.5,269.5,220.5,3.5,3,0.1,5,10.7,13.75,568
0.71,710.5,269.5,220.5,3.5,4,0.1,5,10.67,14.26,570
0.71,710.5,269.5,220.5,3.5,5,0.1,5,13.69,13.89,572
0.69,735,294,220.5,3.5,2,0.1,5,11.21,14.55,574
0.69,735,294,220.5,3.5,3,0.1,5,11.14,14.28,576
0.69,735,294,220.5,3.5,4,0.1,5,11.11,14.46,578
0.69,735,294,220.5,3.5,5,0.1,5,11.16,14.39,580
0.66,759.5,318.5,220.5,3.5,2,0.1,5,11.38,14.54,582
0.66,759.5,318.5,220.5,3.5,3,0.1,5,11.34,14.81,584
0.66,759.5,318.5,220.5,3.5,4,0.1,5,11.22,14.65,586
0.66,759.5,318.5,220.5,3.5,5,0.1,5,11.34,14.87,588
0.64,784,343,220.5,3.5,2,0.1,5,15.16,19.24,590
0.64,784,343,220.5,3.5,3,0.1,5,15.37,19.18,592
0.64,784,343,220.5,3.5,4,0.1,5,15.12,19.26,594
0.64,784,343,220.5,3.5,5,0.1,5,15.36,19.29,596
0.62,808.5,367.5,220.5,3.5,2,0.1,5,12.59,14.24,598
0.62,808.5,367.5,220.5,3.5,3,0.1,5,12.74,13.97,600
0.62,808.5,367.5,220.5,3.5,4,0.1,5,12.8,13.99,602
0.62,808.5,367.5,220.5,3.5,5,0.1,5,12.62,14.15,604
0.98,514.5,294,110.25,7,2,0.25,1,28.15,29.79,606
0.98,514.5,294,110.25,7,3,0.25,1,28.15,29.79,608
0.98,514.5,294,110.25,7,4,0.25,1,28.37,29.28,610
0.98,514.5,294,110.25,7,5,0.25,1,28.41,29.49,612
0.9,563.5,318.5,122.5,7,2,0.25,1,32.68,36.12,614
0.9,563.5,318.5,122.5,7,3,0.25,1,33.48,33.17,616
0.9,563.5,318.5,122.5,7,4,0.25,1,32.84,32.71,618
0.9,563.5,318.5,122.5,7,5,0.25,1,32,37.58,620
0.86,588,294,147,7,2,0.25,1,29.54,33.98,622
0.86,588,294,147,7,3,0.25,1,30.05,28.61,624
0.86,588,294,147,7,4,0.25,1,29.6,30.12,626
0.86,588,294,147,7,5,0.25,1,28.66,34.73,628
0.82,612.5,318.5,147,7,2,0.25,1,26.84,30.17,630
0.82,612.5,318.5,147,7,3,0.25,1,27.27,27.84,632
0.82,612.5,318.5,147,7,4,0.25,1,26.97,27.25,634
0.82,612.5,318.5,147,7,5,0.25,1,26.19,31.39,636
0.79,637,343,147,7,2,0.25,1,38.67,43.8,638
0.79,637,343,147,7,3,0.25,1,40.03,37.81,640
0.79,637,343,147,7,4,0.25,1,39.86,36.85,642
0.79,637,343,147,7,5,0.25,1,39.04,45.52,644
0.76,661.5,416.5,122.5,7,2,0.25,1,36.96,36.85,646
0.76,661.5,416.5,122.5,7,3,0.25,1,36.13,37.58,648
0.76,661.5,416.5,122.5,7,4,0.25,1,36.91,37.45,650
0.76,661.5,416.5,122.5,7,5,0.25,1,36.43,36.62,652
0.74,686,245,220.5,3.5,2,0.25,1,12.43,15.19,654
0.74,686,245,220.5,3.5,3,0.25,1,12.5,15.5,656
0.74,686,245,220.5,3.5,4,0.25,1,12.41,15.28,658
0.74,686,245,220.5,3.5,5,0.25,1,12.45,15.5,660
0.71,710.5,269.5,220.5,3.5,2,0.25,1,12.57,15.42,662
0.71,710.5,269.5,220.5,3.5,3,0.25,1,12.65,15.85,664
0.71,710.5,269.5,220.5,3.5,4,0.25,1,12.57,15.44,666
0.71,710.5,269.5,220.5,3.5,5,0.25,1,12.63,15.81,668
0.69,735,294,220.5,3.5,2,0.25,1,12.78,15.21,670
0.69,735,294,220.5,3.5,3,0.25,1,12.93,15.63,672
0.69,735,294,220.5,3.5,4,0.25,1,12.73,15.48,674
0.69,735,294,220.5,3.5,5,0.25,1,12.72,15.78,676
0.66,759.5,318.5,220.5,3.5,2,0.25,1,13.17,16.39,678
0.66,759.5,318.5,220.5,3.5,3,0.25,1,13.18,16.27,680
0.66,759.5,318.5,220.5,3.5,4,0.25,1,13.17,16.39,682
0.66,759.5,318.5,220.5,3.5,5,0.25,1,13.18,16.19,684
0.64,784,343,220.5,3.5,2,0.25,1,17.5,21.13,686
0.64,784,343,220.5,3.5,3,0.25,1,17.35,21.19,688
0.64,784,343,220.5,3.5,4,0.25,1,17.52,21.09,690
0.64,784,343,220.5,3.5,5,0.25,1,17.37,21.08,692
0.62,808.5,367.5,220.5,3.5,2,0.25,1,15.09,15.77,694
0.62,808.5,367.5,220.5,3.5,3,0.25,1,15.12,15.95,696
0.62,808.5,367.5,220.5,3.5,4,0.25,1,15.08,15.77,698
0.62,808.5,367.5,220.5,3.5,5,0.25,1,15.16,15.76,700
0.98,514.5,294,110.25,7,2,0.25,2,28.67,29.62,702
0.98,514.5,294,110.25,7,3,0.25,2,28.57,29.69,704
0.98,514.5,294,110.25,7,4,0.25,2,28.18,30.18,706
0.98,514.5,294,110.25,7,5,0.25,2,28.6,30.02,708
0.9,563.5,318.5,122.5,7,2,0.25,2,32.46,35.56,710
0.9,563.5,318.5,122.5,7,3,0.25,2,33.27,32.64,712
0.9,563.5,318.5,122.5,7,4,0.25,2,32.33,32.77,714
0.9,563.5,318.5,122.5,7,5,0.25,2,31.66,37.72,716
0.86,588,294,147,7,2,0.25,2,29.34,33.37,718
0.86,588,294,147,7,3,0.25,2,29.87,27.89,720
0.86,588,294,147,7,4,0.25,2,29.27,29.9,722
0.86,588,294,147,7,5,0.25,2,28.4,34.52,724
0.82,612.5,318.5,147,7,2,0.25,2,25.74,28.27,726
0.82,612.5,318.5,147,7,3,0.25,2,25.98,26.96,728
0.82,612.5,318.5,147,7,4,0.25,2,25.38,26.72,730
0.82,612.5,318.5,147,7,5,0.25,2,24.94,29.88,732
0.79,637,343,147,7,2,0.25,2,38.57,43.86,734
0.79,637,343,147,7,3,0.25,2,40.19,37.41,736
0.79,637,343,147,7,4,0.25,2,39.97,36.77,738
0.79,637,343,147,7,5,0.25,2,38.98,45.97,740
0.76,661.5,416.5,122.5,7,2,0.25,2,36.95,36.87,742
0.76,661.5,416.5,122.5,7,3,0.25,2,36.28,37.35,744
0.76,661.5,416.5,122.5,7,4,0.25,2,36.86,37.28,746
0.76,661.5,416.5,122.5,7,5,0.25,2,36.45,36.81,748
0.74,686,245,220.5,3.5,2,0.25,2,12.35,14.73,750
0.74,686,245,220.5,3.5,3,0.25,2,12.45,15.1,752
0.74,686,245,220.5,3.5,4,0.25,2,12.16,15.18,754
0.74,686,245,220.5,3.5,5,0.25,2,12.3,15.44,756
0.71,710.5,269.5,220.5,3.5,2,0.25,2,12.33,14.91,758
0.71,710.5,269.5,220.5,3.5,3,0.25,2,12.29,15.4,760
0.71,710.5,269.5,220.5,3.5,4,0.25,2,12.2,14.94,762
0.71,710.5,269.5,220.5,3.5,5,0.25,2,12.49,15.32,764
0.69,735,294,220.5,3.5,2,0.25,2,12.85,15.52,766
0.69,735,294,220.5,3.5,3,0.25,2,12.87,15.85,768
0.69,735,294,220.5,3.5,4,0.25,2,12.73,15.66,770
0.69,735,294,220.5,3.5,5,0.25,2,12.95,15.99,772
0.66,759.5,318.5,220.5,3.5,2,0.25,2,13.05,15.89,774
0.66,759.5,318.5,220.5,3.5,3,0.25,2,12.93,15.85,776
0.66,759.5,318.5,220.5,3.5,4,0.25,2,12.77,16.22,778
0.66,759.5,318.5,220.5,3.5,5,0.25,2,13,15.87,780
0.64,784,343,220.5,3.5,2,0.25,2,17.14,20.47,782
0.64,784,343,220.5,3.5,3,0.25,2,16.84,20.56,784
0.64,784,343,220.5,3.5,4,0.25,2,17.02,20.48,786
0.64,784,343,220.5,3.5,5,0.25,2,17.11,20.43,788
0.62,808.5,367.5,220.5,3.5,2,0.25,2,14.34,15.32,790
0.62,808.5,367.5,220.5,3.5,3,0.25,2,14.66,15.64,792
0.62,808.5,367.5,220.5,3.5,4,0.25,2,14.6,15.14,794
0.62,808.5,367.5,220.5,3.5,5,0.25,2,14.6,15.3,796
0.98,514.5,294,110.25,7,2,0.25,3,28.67,29.43,798
0.98,514.5,294,110.25,7,3,0.25,3,28.56,29.78,800
0.98,514.5,294,110.25,7,4,0.25,3,28.17,30.1,802
0.98,514.5,294,110.25,7,5,0.25,3,28.63,30.19,804
0.9,563.5,318.5,122.5,7,2,0.25,3,31.63,36.35,806
0.9,563.5,318.5,122.5,7,3,0.25,3,32.4,35.1,808
0.9,563.5,318.5,122.5,7,4,0.25,3,32.68,32.83,810
0.9,563.5,318.5,122.5,7,5,0.25,3,32.29,32.46,812
0.86,588,294,147,7,2,0.25,3,28.4,33.52,814
0.86,588,294,147,7,3,0.25,3,29.4,32.93,816
0.86,588,294,147,7,4,0.25,3,29.43,28.38,818
0.86,588,294,147,7,5,0.25,3,29.07,29.82,820
0.82,612.5,318.5,147,7,2,0.25,3,24.7,28.77,822
0.82,612.5,318.5,147,7,3,0.25,3,25.48,27.76,824
0.82,612.5,318.5,147,7,4,0.25,3,25.37,26.95,826
0.82,612.5,318.5,147,7,5,0.25,3,25.17,26.41,828
0.79,637,343,147,7,2,0.25,3,39.04,45.13,830
0.79,637,343,147,7,3,0.25,3,38.35,43.66,832
0.79,637,343,147,7,4,0.25,3,39.81,37.76,834
0.79,637,343,147,7,5,0.25,3,39.83,36.87,836
0.76,661.5,416.5,122.5,7,2,0.25,3,35.99,36.07,838
0.76,661.5,416.5,122.5,7,3,0.25,3,36.59,36.44,840
0.76,661.5,416.5,122.5,7,4,0.25,3,35.64,37.28,842
0.76,661.5,416.5,122.5,7,5,0.25,3,36.52,37.29,844
0.74,686,245,220.5,3.5,2,0.25,3,11.8,14.49,846
0.74,686,245,220.5,3.5,3,0.25,3,12.03,13.79,848
0.74,686,245,220.5,3.5,4,0.25,3,11.98,14.72,850
0.74,686,245,220.5,3.5,5,0.25,3,11.69,14.76,852
0.71,710.5,269.5,220.5,3.5,2,0.25,3,12.41,14.92,854
0.71,710.5,269.5,220.5,3.5,3,0.25,3,12.28,14.74,856
0.71,710.5,269.5,220.5,3.5,4,0.25,3,12.1,15.57,858
0.71,710.5,269.5,220.5,3.5,5,0.25,3,12.19,14.94,860
0.69,735,294,220.5,3.5,2,0.25,3,12.34,14.92,862
0.69,735,294,220.5,3.5,3,0.25,3,12.46,14.38,864
0.69,735,294,220.5,3.5,4,0.25,3,12.31,15.44,866
0.69,735,294,220.5,3.5,5,0.25,3,12.12,15.17,868
0.66,759.5,318.5,220.5,3.5,2,0.25,3,12.97,15.53,870
0.66,759.5,318.5,220.5,3.5,3,0.25,3,13.01,15.8,872
0.66,759.5,318.5,220.5,3.5,4,0.25,3,12.74,16.14,874
0.66,759.5,318.5,220.5,3.5,5,0.25,3,12.84,16.26,876
0.64,784,343,220.5,3.5,2,0.25,3,16.83,19.87,878
0.64,784,343,220.5,3.5,3,0.25,3,16.93,20.03,880
0.64,784,343,220.5,3.5,4,0.25,3,16.66,20.46,882
0.64,784,343,220.5,3.5,5,0.25,3,16.86,20.28,884
0.62,808.5,367.5,220.5,3.5,2,0.25,3,13.91,14.89,886
0.62,808.5,367.5,220.5,3.5,3,0.25,3,14.34,14.96,888
0.62,808.5,367.5,220.5,3.5,4,0.25,3,13.95,14.89,890
0.62,808.5,367.5,220.5,3.5,5,0.25,3,13.99,14.35,892
0.98,514.5,294,110.25,7,2,0.25,4,28.7,29.61,894
0.98,514.5,294,110.25,7,3,0.25,4,28.55,29.59,896
0.98,514.5,294,110.25,7,4,0.25,4,28.15,30.19,898
0.98,514.5,294,110.25,7,5,0.25,4,28.62,30.12,900
0.9,563.5,318.5,122.5,7,2,0.25,4,32.67,32.12,902
0.9,563.5,318.5,122.5,7,3,0.25,4,31.69,37.12,904
0.9,563.5,318.5,122.5,7,4,0.25,4,32.07,36.16,906
0.9,563.5,318.5,122.5,7,5,0.25,4,33.28,33.16,908
0.86,588,294,147,7,2,0.25,4,29.47,29.45,910
0.86,588,294,147,7,3,0.25,4,28.42,34.19,912
0.86,588,294,147,7,4,0.25,4,29.08,33.93,914
0.86,588,294,147,7,5,0.25,4,29.88,28.31,916
0.82,612.5,318.5,147,7,2,0.25,4,25.66,26.3,918
0.82,612.5,318.5,147,7,3,0.25,4,24.96,29.43,920
0.82,612.5,318.5,147,7,4,0.25,4,25.43,28.76,922
0.82,612.5,318.5,147,7,5,0.25,4,26,27.34,924
0.79,637,343,147,7,2,0.25,4,40,36.26,926
0.79,637,343,147,7,3,0.25,4,38.84,45.48,928
0.79,637,343,147,7,4,0.25,4,38.33,44.16,930
0.79,637,343,147,7,5,0.25,4,40.12,37.26,932
0.76,661.5,416.5,122.5,7,2,0.25,4,36.95,37.2,934
0.76,661.5,416.5,122.5,7,3,0.25,4,36.45,36.76,936
0.76,661.5,416.5,122.5,7,4,0.25,4,36.81,37.05,938
0.76,661.5,416.5,122.5,7,5,0.25,4,36.26,37.51,940
0.74,686,245,220.5,3.5,2,0.25,4,12.32,14.92,942
0.74,686,245,220.5,3.5,3,0.25,4,12.3,15.24,944
0.74,686,245,220.5,3.5,4,0.25,4,12.18,15.03,946
0.74,686,245,220.5,3.5,5,0.25,4,12.43,15.35,948
0.71,710.5,269.5,220.5,3.5,2,0.25,4,12.36,14.67,950
0.71,710.5,269.5,220.5,3.5,3,0.25,4,12.49,15.09,952
0.71,710.5,269.5,220.5,3.5,4,0.25,4,12.17,15.2,954
0.71,710.5,269.5,220.5,3.5,5,0.25,4,12.28,15.64,956
0.69,735,294,220.5,3.5,2,0.25,4,12.91,15.37,958
0.69,735,294,220.5,3.5,3,0.25,4,12.95,15.73,960
0.69,735,294,220.5,3.5,4,0.25,4,12.67,15.83,962
0.69,735,294,220.5,3.5,5,0.25,4,12.86,16.13,964
0.66,759.5,318.5,220.5,3.5,2,0.25,4,12.95,15.95,966
0.66,759.5,318.5,220.5,3.5,3,0.25,4,13,15.59,968
0.66,759.5,318.5,220.5,3.5,4,0.25,4,12.86,16.17,970
0.66,759.5,318.5,220.5,3.5,5,0.25,4,12.92,16.14,972
0.64,784,343,220.5,3.5,2,0.25,4,16.99,19.65,974
0.64,784,343,220.5,3.5,3,0.25,4,16.69,19.76,976
0.64,784,343,220.5,3.5,4,0.25,4,16.56,20.37,978
0.64,784,343,220.5,3.5,5,0.25,4,16.62,19.9,980
0.62,808.5,367.5,220.5,3.5,2,0.25,4,14.33,15.41,982
0.62,808.5,367.5,220.5,3.5,3,0.25,4,14.61,15.56,984
0.62,808.5,367.5,220.5,3.5,4,0.25,4,14.61,15.07,986
0.62,808.5,367.5,220.5,3.5,5,0.25,4,14.65,15.38,988
0.98,514.5,294,110.25,7,2,0.25,5,28.69,29.53,990
0.98,514.5,294,110.25,7,3,0.25,5,28.58,29.77,992
0.98,514.5,294,110.25,7,4,0.25,5,28.15,30,994
0.98,514.5,294,110.25,7,5,0.25,5,28.61,30.2,996
0.9,563.5,318.5,122.5,7,2,0.25,5,33.13,32.25,998
0.9,563.5,318.5,122.5,7,3,0.25,5,32.31,32,1000
0.9,563.5,318.5,122.5,7,4,0.25,5,31.53,37.19,1002
0.9,563.5,318.5,122.5,7,5,0.25,5,32.46,35.62,1004
0.86,588,294,147,7,2,0.25,5,29.71,28.02,1006
0.86,588,294,147,7,3,0.25,5,29.09,29.43,1008
0.86,588,294,147,7,4,0.25,5,28.31,34.15,1010
0.86,588,294,147,7,5,0.25,5,29.39,33.47,1012
0.82,612.5,318.5,147,7,2,0.25,5,25.7,26.53,1014
0.82,612.5,318.5,147,7,3,0.25,5,25.17,26.08,1016
0.82,612.5,318.5,147,7,4,0.25,5,24.6,29.31,1018
0.82,612.5,318.5,147,7,5,0.25,5,25.49,28.14,1020
0.79,637,343,147,7,2,0.25,5,39.89,37.54,1022
0.79,637,343,147,7,3,0.25,5,39.83,36.66,1024
0.79,637,343,147,7,4,0.25,5,39.01,45.28,1026
0.79,637,343,147,7,5,0.25,5,38.65,43.73,1028
0.76,661.5,416.5,122.5,7,2,0.25,5,35.69,36.93,1030
0.76,661.5,416.5,122.5,7,3,0.25,5,36.64,37.01,1032
0.76,661.5,416.5,122.5,7,4,0.25,5,36.06,35.73,1034
0.76,661.5,416.5,122.5,7,5,0.25,5,36.7,36.15,1036
0.74,686,245,220.5,3.5,2,0.25,5,12.12,14.48,1038
0.74,686,245,220.5,3.5,3,0.25,5,11.67,14.58,1040
0.74,686,245,220.5,3.5,4,0.25,5,11.64,14.81,1042
0.74,686,245,220.5,3.5,5,0.25,5,12.02,14.03,1044
0.71,710.5,269.5,220.5,3.5,2,0.25,5,12.27,15.27,1046
0.71,710.5,269.5,220.5,3.5,3,0.25,5,12.19,14.71,1048
0.71,710.5,269.5,220.5,3.5,4,0.25,5,12.25,15.23,1050
0.71,710.5,269.5,220.5,3.5,5,0.25,5,12.27,14.97,1052
0.69,735,294,220.5,3.5,2,0.25,5,12.47,15.14,1054
0.69,735,294,220.5,3.5,3,0.25,5,12.12,14.97,1056
0.69,735,294,220.5,3.5,4,0.25,5,12.18,15.22,1058
0.69,735,294,220.5,3.5,5,0.25,5,12.47,14.6,1060
0.66,759.5,318.5,220.5,3.5,2,0.25,5,12.93,15.83,1062
0.66,759.5,318.5,220.5,3.5,3,0.25,5,12.82,16.03,1064
0.66,759.5,318.5,220.5,3.5,4,0.25,5,12.78,15.8,1066
0.66,759.5,318.5,220.5,3.5,5,0.25,5,13.02,16.06,1068
0.64,784,343,220.5,3.5,2,0.25,5,16.73,20.13,1070
0.64,784,343,220.5,3.5,3,0.25,5,16.86,20.01,1072
0.64,784,343,220.5,3.5,4,0.25,5,16.76,20.19,1074
0.64,784,343,220.5,3.5,5,0.25,5,16.92,20.29,1076
0.62,808.5,367.5,220.5,3.5,2,0.25,5,13.68,15.19,1078
0.62,808.5,367.5,220.5,3.5,3,0.25,5,13.99,14.61,1080
0.62,808.5,367.5,220.5,3.5,4,0.25,5,14.16,14.61,1082
0.62,808.5,367.5,220.5,3.5,5,0.25,5,13.86,14.75,1084
0.98,514.5,294,110.25,7,2,0.4,1,32.26,33.37,1086
0.98,514.5,294,110.25,7,3,0.4,1,32.26,33.34,1088
0.98,514.5,294,110.25,7,4,0.4,1,32.49,32.83,1090
0.98,514.5,294,110.25,7,5,0.4,1,32.53,33.04,1092
0.9,563.5,318.5,122.5,7,2,0.4,1,36.47,39.28,1094
0.9,563.5,318.5,122.5,7,3,0.4,1,37.24,36.38,1096
0.9,563.5,318.5,122.5,7,4,0.4,1,36.66,35.92,1098
0.9,563.5,318.5,122.5,7,5,0.4,1,35.96,40.99,1100
0.86,588,294,147,7,2,0.4,1,31.89,35.99,1102
0.86,588,294,147,7,3,0.4,1,32.39,30.66,1104
0.86,588,294,147,7,4,0.4,1,32.09,31.7,1106
0.86,588,294,147,7,5,0.4,1,31.29,36.73,1108
0.82,612.5,318.5,147,7,2,0.4,1,29.22,31.71,1110
0.82,612.5,318.5,147,7,3,0.4,1,29.91,29.13,1112
0.82,612.5,318.5,147,7,4,0.4,1,29.53,28.99,1114
0.82,612.5,318.5,147,7,5,0.4,1,28.65,33.54,1116
0.79,637,343,147,7,2,0.4,1,41.4,45.29,1118
0.79,637,343,147,7,3,0.4,1,42.62,39.07,1120
0.79,637,343,147,7,4,0.4,1,42.5,38.35,1122
0.79,637,343,147,7,5,0.4,1,41.67,46.94,1124
0.76,661.5,416.5,122.5,7,2,0.4,1,40.78,39.55,1126
0.76,661.5,416.5,122.5,7,3,0.4,1,39.97,40.85,1128
0.76,661.5,416.5,122.5,7,4,0.4,1,40.71,40.63,1130
0.76,661.5,416.5,122.5,7,5,0.4,1,40.43,39.48,1132
0.74,686,245,220.5,3.5,2,0.4,1,14.52,16.94,1134
0.74,686,245,220.5,3.5,3,0.4,1,14.61,17.25,1136
0.74,686,245,220.5,3.5,4,0.4,1,14.5,17.03,1138
0.74,686,245,220.5,3.5,5,0.4,1,14.55,17.25,1140
0.71,710.5,269.5,220.5,3.5,2,0.4,1,14.51,17.1,1142
0.71,710.5,269.5,220.5,3.5,3,0.4,1,14.6,17.51,1144
0.71,710.5,269.5,220.5,3.5,4,0.4,1,14.5,17.12,1146
0.71,710.5,269.5,220.5,3.5,5,0.4,1,14.58,17.47,1148
0.69,735,294,220.5,3.5,2,0.4,1,14.51,16.5,1150
0.69,735,294,220.5,3.5,3,0.4,1,14.7,17,1152
0.69,735,294,220.5,3.5,4,0.4,1,14.42,16.87,1154
0.69,735,294,220.5,3.5,5,0.4,1,14.42,17.2,1156
0.66,759.5,318.5,220.5,3.5,2,0.4,1,15.23,18.14,1158
0.66,759.5,318.5,220.5,3.5,3,0.4,1,15.23,18.03,1160
0.66,759.5,318.5,220.5,3.5,4,0.4,1,15.23,18.14,1162
0.66,759.5,318.5,220.5,3.5,5,0.4,1,15.23,17.95,1164
0.64,784,343,220.5,3.5,2,0.4,1,19.52,22.72,1166
0.64,784,343,220.5,3.5,3,0.4,1,19.36,22.73,1168
0.64,784,343,220.5,3.5,4,0.4,1,19.48,22.72,1170
0.64,784,343,220.5,3.5,5,0.4,1,19.42,22.53,1172
0.62,808.5,367.5,220.5,3.5,2,0.4,1,15.09,17.2,1174
0.62,808.5,367.5,220.5,3.5,3,0.4,1,17.17,17.21,1176
0.62,808.5,367.5,220.5,3.5,4,0.4,1,17.14,17.15,1178
0.62,808.5,367.5,220.5,3.5,5,0.4,1,17.14,17.2,1180
0.98,514.5,294,110.25,7,2,0.4,2,32.82,32.96,1182
0.98,514.5,294,110.25,7,3,0.4,2,32.71,33.13,1184
0.98,514.5,294,110.25,7,4,0.4,2,32.24,33.94,1186
0.98,514.5,294,110.25,7,5,0.4,2,32.72,33.78,1188
0.9,563.5,318.5,122.5,7,2,0.4,2,35.84,38.35,1190
0.9,563.5,318.5,122.5,7,3,0.4,2,36.57,35.39,1192
0.9,563.5,318.5,122.5,7,4,0.4,2,36.06,34.94,1194
0.9,563.5,318.5,122.5,7,5,0.4,2,35.69,40.66,1196
0.86,588,294,147,7,2,0.4,2,32.48,35.48,1198
0.86,588,294,147,7,3,0.4,2,32.74,30.53,1200
0.86,588,294,147,7,4,0.4,2,32.13,32.28,1202
0.86,588,294,147,7,5,0.4,2,31.64,36.86,1204
0.82,612.5,318.5,147,7,2,0.4,2,28.95,30.34,1206
0.82,612.5,318.5,147,7,3,0.4,2,29.49,27.93,1208
0.82,612.5,318.5,147,7,4,0.4,2,28.64,28.95,1210
0.82,612.5,318.5,147,7,5,0.4,2,28.01,32.92,1212
0.79,637,343,147,7,2,0.4,2,41.64,45.59,1214
0.79,637,343,147,7,3,0.4,2,43.1,39.41,1216
0.79,637,343,147,7,4,0.4,2,42.74,38.84,1218
0.79,637,343,147,7,5,0.4,2,41.92,48.03,1220
0.76,661.5,416.5,122.5,7,2,0.4,2,40.78,39.48,1222
0.76,661.5,416.5,122.5,7,3,0.4,2,40.15,40.4,1224
0.76,661.5,416.5,122.5,7,4,0.4,2,40.57,40.47,1226
0.76,661.5,416.5,122.5,7,5,0.4,2,40.42,39.7,1228
0.74,686,245,220.5,3.5,2,0.4,2,14.54,16.43,1230
0.74,686,245,220.5,3.5,3,0.4,2,14.45,16.93,1232
0.74,686,245,220.5,3.5,4,0.4,2,14.18,16.99,1234
0.74,686,245,220.5,3.5,5,0.4,2,14.5,17.03,1236
0.71,710.5,269.5,220.5,3.5,2,0.4,2,14.7,16.77,1238
0.71,710.5,269.5,220.5,3.5,3,0.4,2,14.66,17.37,1240
0.71,710.5,269.5,220.5,3.5,4,0.4,2,14.4,17.27,1242
0.71,710.5,269.5,220.5,3.5,5,0.4,2,14.71,17.51,1244
0.69,735,294,220.5,3.5,2,0.4,2,14.75,16.44,1246
0.69,735,294,220.5,3.5,3,0.4,2,14.71,17.01,1248
0.69,735,294,220.5,3.5,4,0.4,2,14.33,17.23,1250
0.69,735,294,220.5,3.5,5,0.4,2,14.62,17.22,1252
0.66,759.5,318.5,220.5,3.5,2,0.4,2,15.34,17.85,1254
0.66,759.5,318.5,220.5,3.5,3,0.4,2,15.29,17.89,1256
0.66,759.5,318.5,220.5,3.5,4,0.4,2,15.09,18.36,1258
0.66,759.5,318.5,220.5,3.5,5,0.4,2,15.3,18.15,1260
0.64,784,343,220.5,3.5,2,0.4,2,19.2,21.72,1262
0.64,784,343,220.5,3.5,3,0.4,2,18.88,22.07,1264
0.64,784,343,220.5,3.5,4,0.4,2,18.9,22.09,1266
0.64,784,343,220.5,3.5,5,0.4,2,19.12,21.93,1268
0.62,808.5,367.5,220.5,3.5,2,0.4,2,16.76,17.36,1270
0.62,808.5,367.5,220.5,3.5,3,0.4,2,17.23,17.38,1272
0.62,808.5,367.5,220.5,3.5,4,0.4,2,17.26,16.86,1274
0.62,808.5,367.5,220.5,3.5,5,0.4,2,17.15,16.99,1276
0.98,514.5,294,110.25,7,2,0.4,3,32.82,32.78,1278
0.98,514.5,294,110.25,7,3,0.4,3,32.69,33.24,1280
0.98,514.5,294,110.25,7,4,0.4,3,32.23,33.86,1282
0.98,514.5,294,110.25,7,5,0.4,3,32.75,34,1284
0.9,563.5,318.5,122.5,7,2,0.4,3,34.24,37.26,1286
0.9,563.5,318.5,122.5,7,3,0.4,3,34.95,35.04,1288
0.9,563.5,318.5,122.5,7,4,0.4,3,35.05,33.82,1290
0.9,563.5,318.5,122.5,7,5,0.4,3,34.29,33.31,1292
0.86,588,294,147,7,2,0.4,3,31.28,35.22,1294
0.86,588,294,147,7,3,0.4,3,32.12,34.7,1296
0.86,588,294,147,7,4,0.4,3,32.05,30.11,1298
0.86,588,294,147,7,5,0.4,3,31.84,31.6,1300
0.82,612.5,318.5,147,7,2,0.4,3,28.67,32.43,1302
0.82,612.5,318.5,147,7,3,0.4,3,29.67,30.65,1304
0.82,612.5,318.5,147,7,4,0.4,3,29.47,29.77,1306
0.82,612.5,318.5,147,7,5,0.4,3,28.91,29.64,1308
0.79,637,343,147,7,2,0.4,3,41.26,46.44,1310
0.79,637,343,147,7,3,0.4,3,41.3,44.18,1312
0.79,637,343,147,7,4,0.4,3,42.49,38.81,1314
0.79,637,343,147,7,5,0.4,3,42.08,38.23,1316
0.76,661.5,416.5,122.5,7,2,0.4,3,39.32,38.17,1318
0.76,661.5,416.5,122.5,7,3,0.4,3,39.84,38.48,1320
0.76,661.5,416.5,122.5,7,4,0.4,3,38.89,39.66,1322
0.76,661.5,416.5,122.5,7,5,0.4,3,39.68,40.1,1324
0.74,686,245,220.5,3.5,2,0.4,3,13.97,16.08,1326
0.74,686,245,220.5,3.5,3,0.4,3,14.22,15.39,1328
0.74,686,245,220.5,3.5,4,0.4,3,14.1,16.57,1330
0.74,686,245,220.5,3.5,5,0.4,3,13.78,16.6,1332
0.71,710.5,269.5,220.5,3.5,2,0.4,3,14.07,16.11,1334
0.71,710.5,269.5,220.5,3.5,3,0.4,3,14.03,15.47,1336
0.71,710.5,269.5,220.5,3.5,4,0.4,3,13.94,16.7,1338
0.71,710.5,269.5,220.5,3.5,5,0.4,3,13.86,16.1,1340
0.69,735,294,220.5,3.5,2,0.4,3,14.32,16.35,1342
0.69,735,294,220.5,3.5,3,0.4,3,14.56,15.84,1344
0.69,735,294,220.5,3.5,4,0.4,3,14.33,16.99,1346
0.69,735,294,220.5,3.5,5,0.4,3,14.08,17.02,1348
0.66,759.5,318.5,220.5,3.5,2,0.4,3,15.16,17.04,1350
0.66,759.5,318.5,220.5,3.5,3,0.4,3,15.18,17.63,1352
0.66,759.5,318.5,220.5,3.5,4,0.4,3,14.72,18.1,1354
0.66,759.5,318.5,220.5,3.5,5,0.4,3,14.9,18.22,1356
0.64,784,343,220.5,3.5,2,0.4,3,18.48,20.78,1358
0.64,784,343,220.5,3.5,3,0.4,3,18.71,20.72,1360
0.64,784,343,220.5,3.5,4,0.4,3,18.48,21.54,1362
0.64,784,343,220.5,3.5,5,0.4,3,18.46,21.53,1364
0.62,808.5,367.5,220.5,3.5,2,0.4,3,16.47,16.9,1366
0.62,808.5,367.5,220.5,3.5,3,0.4,3,16.35,17.14,1368
0.62,808.5,367.5,220.5,3.5,4,0.4,3,16.55,16.56,1370
0.62,808.5,367.5,220.5,3.5,5,0.4,3,16.74,16,1372
0.98,514.5,294,110.25,7,2,0.4,4,32.85,32.95,1374
0.98,514.5,294,110.25,7,3,0.4,4,32.67,33.06,1376
0.98,514.5,294,110.25,7,4,0.4,4,32.21,33.95,1378
0.98,514.5,294,110.25,7,5,0.4,4,32.74,33.88,1380
0.9,563.5,318.5,122.5,7,2,0.4,4,36.45,33.98,1382
0.9,563.5,318.5,122.5,7,3,0.4,4,35.73,39.92,1384
0.9,563.5,318.5,122.5,7,4,0.4,4,35.4,39.22,1386
0.9,563.5,318.5,122.5,7,5,0.4,4,36.57,36.1,1388
0.86,588,294,147,7,2,0.4,4,32.38,31.53,1390
0.86,588,294,147,7,3,0.4,4,31.66,36.2,1392
0.86,588,294,147,7,4,0.4,4,32.15,36.21,1394
0.86,588,294,147,7,5,0.4,4,32.75,31,1396
0.82,612.5,318.5,147,7,2,0.4,4,28.93,28.2,1398
0.82,612.5,318.5,147,7,3,0.4,4,28.05,32.35,1400
0.82,612.5,318.5,147,7,4,0.4,4,28.64,31.14,1402
0.82,612.5,318.5,147,7,5,0.4,4,29.52,28.43,1404
0.79,637,343,147,7,2,0.4,4,42.77,38.33,1406
0.79,637,343,147,7,3,0.4,4,41.73,47.59,1408
0.79,637,343,147,7,4,0.4,4,41.32,46.23,1410
0.79,637,343,147,7,5,0.4,4,42.96,39.56,1412
0.76,661.5,416.5,122.5,7,2,0.4,4,40.68,40.36,1414
0.76,661.5,416.5,122.5,7,3,0.4,4,40.4,39.67,1416
0.76,661.5,416.5,122.5,7,4,0.4,4,40.6,39.85,1418
0.76,661.5,416.5,122.5,7,5,0.4,4,40.11,40.77,1420
0.74,686,245,220.5,3.5,2,0.4,4,14.37,16.61,1422
0.74,686,245,220.5,3.5,3,0.4,4,14.48,16.74,1424
0.74,686,245,220.5,3.5,4,0.4,4,14.32,16.9,1426
0.74,686,245,220.5,3.5,5,0.4,4,14.44,17.32,1428
0.71,710.5,269.5,220.5,3.5,2,0.4,4,14.6,16.85,1430
0.71,710.5,269.5,220.5,3.5,3,0.4,4,14.7,17.2,1432
0.71,710.5,269.5,220.5,3.5,4,0.4,4,14.47,17.23,1434
0.71,710.5,269.5,220.5,3.5,5,0.4,4,14.66,17.74,1436
0.69,735,294,220.5,3.5,2,0.4,4,14.54,16.81,1438
0.69,735,294,220.5,3.5,3,0.4,4,14.62,16.88,1440
0.69,735,294,220.5,3.5,4,0.4,4,14.53,16.9,1442
0.69,735,294,220.5,3.5,5,0.4,4,14.71,17.39,1444
0.66,759.5,318.5,220.5,3.5,2,0.4,4,15.34,17.86,1446
0.66,759.5,318.5,220.5,3.5,3,0.4,4,15.29,17.82,1448
0.66,759.5,318.5,220.5,3.5,4,0.4,4,15.09,18.36,1450
0.66,759.5,318.5,220.5,3.5,5,0.4,4,15.3,18.24,1452
0.64,784,343,220.5,3.5,2,0.4,4,19.06,21.68,1454
0.64,784,343,220.5,3.5,3,0.4,4,19.13,21.54,1456
0.64,784,343,220.5,3.5,4,0.4,4,19,22.25,1458
0.64,784,343,220.5,3.5,5,0.4,4,18.84,22.49,1460
0.62,808.5,367.5,220.5,3.5,2,0.4,4,16.44,17.1,1462
0.62,808.5,367.5,220.5,3.5,3,0.4,4,16.9,16.79,1464
0.62,808.5,367.5,220.5,3.5,4,0.4,4,16.94,16.58,1466
0.62,808.5,367.5,220.5,3.5,5,0.4,4,16.77,16.79,1468
0.98,514.5,294,110.25,7,2,0.4,5,32.84,32.88,1470
0.98,514.5,294,110.25,7,3,0.4,5,32.72,33.23,1472
0.98,514.5,294,110.25,7,4,0.4,5,32.21,33.76,1474
0.98,514.5,294,110.25,7,5,0.4,5,32.73,34.01,1476
0.9,563.5,318.5,122.5,7,2,0.4,5,35.67,33.94,1478
0.9,563.5,318.5,122.5,7,3,0.4,5,35.01,33.14,1480
0.9,563.5,318.5,122.5,7,4,0.4,5,34.72,38.79,1482
0.9,563.5,318.5,122.5,7,5,0.4,5,35.24,37.27,1484
0.86,588,294,147,7,2,0.4,5,32.31,29.69,1486
0.86,588,294,147,7,3,0.4,5,31.81,31.2,1488
0.86,588,294,147,7,4,0.4,5,31.12,36.26,1490
0.86,588,294,147,7,5,0.4,5,32.06,35.71,1492
0.82,612.5,318.5,147,7,2,0.4,5,30,29.93,1494
0.82,612.5,318.5,147,7,3,0.4,5,29.5,29.56,1496
0.82,612.5,318.5,147,7,4,0.4,5,29.06,33.84,1498
0.82,612.5,318.5,147,7,5,0.4,5,29.92,32.54,1500
0.79,637,343,147,7,2,0.4,5,42.11,38.56,1502
0.79,637,343,147,7,3,0.4,5,41.96,37.7,1504
0.79,637,343,147,7,4,0.4,5,41.09,47.01,1506
0.79,637,343,147,7,5,0.4,5,40.79,44.87,1508
0.76,661.5,416.5,122.5,7,2,0.4,5,38.82,39.37,1510
0.76,661.5,416.5,122.5,7,3,0.4,5,39.72,39.8,1512
0.76,661.5,416.5,122.5,7,4,0.4,5,39.31,37.79,1514
0.76,661.5,416.5,122.5,7,5,0.4,5,39.86,38.18,1516
0.74,686,245,220.5,3.5,2,0.4,5,14.41,16.69,1518
0.74,686,245,220.5,3.5,3,0.4,5,14.19,16.62,1520
0.74,686,245,220.5,3.5,4,0.4,5,14.17,16.94,1522
0.74,686,245,220.5,3.5,5,0.4,5,14.39,16.7,1524
0.71,710.5,269.5,220.5,3.5,2,0.4,5,12.43,15.59,1526
0.71,710.5,269.5,220.5,3.5,3,0.4,5,12.63,14.58,1528
0.71,710.5,269.5,220.5,3.5,4,0.4,5,12.76,15.33,1530
0.71,710.5,269.5,220.5,3.5,5,0.4,5,12.42,15.31,1532
0.69,735,294,220.5,3.5,2,0.4,5,14.12,16.63,1534
0.69,735,294,220.5,3.5,3,0.4,5,14.28,15.87,1536
0.69,735,294,220.5,3.5,4,0.4,5,14.37,16.54,1538
0.69,735,294,220.5,3.5,5,0.4,5,14.21,16.74,1540
0.66,759.5,318.5,220.5,3.5,2,0.4,5,14.96,17.64,1542
0.66,759.5,318.5,220.5,3.5,3,0.4,5,14.92,17.79,1544
0.66,759.5,318.5,220.5,3.5,4,0.4,5,14.92,17.55,1546
0.66,759.5,318.5,220.5,3.5,5,0.4,5,15.16,18.06,1548
0.64,784,343,220.5,3.5,2,0.4,5,17.69,20.82,1550
0.64,784,343,220.5,3.5,3,0.4,5,18.19,20.21,1552
0.64,784,343,220.5,3.5,4,0.4,5,18.16,20.71,1554
0.64,784,343,220.5,3.5,5,0.4,5,17.88,21.4,1556
0.62,808.5,367.5,220.5,3.5,2,0.4,5,16.54,16.88,1558
0.62,808.5,367.5,220.5,3.5,3,0.4,5,16.44,17.11,1560
0.62,808.5,367.5,220.5,3.5,4,0.4,5,16.48,16.61,1562
0.62,808.5,367.5,220.5,3.5,5,0.4,5,16.64,16.03,1564
